,fat_dv,saturated_fat_dv,cholesterol_dv,carbohydrate_dv,sodium_dv,fiber_dv,protein_dv,added_sugars_dv,vitamin_a_dv,vitamin_c_dv,vitamin_d_dv,vitamin_e_dv,calcium_dv,iron_dv,magnesium_dv,zinc_dv,potassium_dv
almond,64.4,0.0,0.0,5.9,0.0,33.1,52.4,0.0,0.0,0.0,0.0,0.0,17.8,17.9,0.0,0.0,14.2
amaretto,0.0,0.0,0.0,0.0,0.0,0.0,0.0,0.0,0.0,0.0,0.0,0.0,0.0,0.0,0.0,0.0,0.0
anchovy,6.2,6.4,20.0,0.0,4.5,0.0,40.8,0.0,1.7,0.0,0.0,0.0,11.3,18.1,0.0,0.0,8.1
anise,20.4,2.9,0.0,18.2,0.7,52.1,35.2,0.0,1.8,23.3,0.0,0.0,49.7,205.6,0.0,0.0,30.6
apple,11.2,24.9,10.3,13.5,11.9,8.9,14.8,0.0,10.4,0.6,0.0,0.0,2.3,6.1,0.0,0.0,1.9
apple juice,0.1,0.1,0.0,4.3,0.3,0.4,0.0,0.0,0.1,64.3,0.0,0.0,0.3,3.2,0.0,0.0,1.9
apricot,0.5,0.1,0.0,4.0,0.0,7.1,2.8,0.0,10.7,11.1,0.0,0.0,1.0,2.2,0.0,0.0,5.5
artichoke,0.0,0.0,0.0,6.3,0.2,5.7,4.0,0.0,0.1,4.4,0.0,0.0,1.1,18.9,0.0,0.0,9.1
arugula,0.8,0.4,0.0,1.3,1.2,5.7,5.2,0.0,13.2,16.7,0.0,0.0,12.3,8.1,0.0,0.0,7.9
asian pear,0.3,0.1,0.0,3.9,0.0,12.9,1.0,0.0,0.0,4.2,0.0,0.0,0.3,0.0,0.0,0.0,2.6
asparagus,0.2,0.2,0.0,1.4,0.1,7.5,4.4,0.0,4.2,6.2,0.0,0.0,1.8,11.9,0.0,0.0,4.3
avocado,128.2,58.0,0.0,0.0,0.0,0.0,0.0,0.0,0.0,0.0,0.0,0.0,0.0,0.0,0.0,0.0,0.0
bacon,37.8,23.1,0.0,1.9,63.5,9.3,23.4,0.0,0.4,0.0,0.0,0.0,1.8,13.4,0.0,0.0,3.6
banana,2.3,3.5,0.0,32.1,0.1,35.4,7.8,0.0,1.3,7.8,0.0,0.0,1.7,6.4,0.0,0.0,31.7
barley,2.9,2.4,0.0,26.7,0.5,61.8,25.0,0.0,0.1,0.0,0.0,0.0,2.5,20.0,0.0,0.0,9.6
basil,0.8,0.2,0.0,1.0,0.2,5.7,6.3,0.0,29.3,20.0,0.0,0.0,13.6,17.6,0.0,0.0,6.3
bass,3.0,2.5,26.7,0.0,3.0,0.0,35.4,0.0,3.0,0.0,0.0,0.0,1.2,4.7,0.0,0.0,5.4
bean,4.1,5.8,1.3,1.0,0.1,0.4,3.6,0.0,0.0,0.0,0.0,0.0,1.0,10.9,0.0,0.0,8.7
beef,19.1,30.9,28.7,0.0,39.0,0.0,54.2,0.0,0.0,0.0,0.0,0.0,0.9,11.6,0.0,0.0,2.9
beef rib,8.7,12.3,19.0,0.0,2.3,0.0,42.6,0.0,0.9,0.0,0.0,0.0,1.2,10.1,0.0,0.0,7.2
beef shank,4.9,6.4,13.0,0.0,2.7,0.0,43.6,0.0,0.0,0.0,0.0,0.0,1.5,12.9,0.0,0.0,8.2
beef tenderloin,8.3,0.0,21.5,0.1,1.9,0.0,42.2,0.0,0.0,0.0,0.0,0.0,0.3,14.1,0.0,0.0,7.3
beer,0.0,0.0,0.0,0.6,0.2,0.0,0.5,0.0,0.0,0.0,0.0,0.0,0.3,0.2,0.0,0.0,0.4
beet,0.4,0.0,0.0,3.2,4.9,11.1,3.4,0.0,0.0,5.1,0.0,0.0,1.1,2.4,0.0,0.0,7.3
bell pepper,0.1,0.0,0.0,1.7,0.0,3.4,1.4,0.0,0.0,110.6,0.0,0.0,0.6,1.0,0.0,0.0,3.5
berry,0.5,0.0,0.0,28.0,13.0,46.4,28.6,0.0,0.0,53.8,0.0,0.0,14.6,37.8,0.0,0.0,0.0
biscuit,21.8,59.5,0.3,15.9,46.5,7.1,15.0,0.0,0.0,0.0,0.0,0.0,4.2,15.9,0.0,0.0,2.4
bitters,0.2,0.0,0.0,1.3,0.2,10.0,2.0,0.0,2.7,93.3,0.0,0.0,1.5,2.4,0.0,0.0,6.3
blackberry,0.6,0.1,0.0,3.5,0.0,18.9,2.8,0.0,1.2,23.3,0.0,0.0,2.2,3.4,0.0,0.0,3.4
blue cheese,36.8,93.5,25.0,0.9,50.0,0.0,42.8,0.0,22.0,0.0,0.0,0.0,40.6,1.7,0.0,0.0,5.4
blueberry,0.4,0.0,0.0,5.3,0.0,0.0,1.4,0.0,0.0,9.0,0.0,0.0,0.9,1.9,0.0,0.0,1.8
bok choy,0.3,0.0,0.0,1.3,0.6,4.5,2.0,0.0,0.0,33.7,0.0,0.0,4.8,2.4,0.0,0.0,4.9
bourbon,0.0,0.0,0.0,0.0,0.0,0.0,0.0,0.0,0.0,0.0,0.0,0.0,0.0,0.0,0.0,0.0,0.0
bran,1.5,1.0,0.0,19.4,25.7,12.9,21.4,0.0,0.1,0.2,0.0,0.0,0.9,17.1,0.0,0.0,2.4
brandy,0.0,0.0,0.0,0.0,0.0,0.0,0.0,0.0,0.0,0.0,0.0,0.0,0.0,0.0,0.0,0.0,0.0
bread,26.7,31.2,3.3,16.3,32.6,7.5,20.8,0.0,2.7,0.0,0.0,0.0,6.9,13.8,0.0,0.0,1.8
breadcrumbs,0.0,0.0,0.0,0.0,0.0,0.0,0.0,0.0,0.0,0.0,0.0,0.0,0.0,0.0,0.0,0.0,0.0
brie,35.5,87.0,33.3,0.2,27.3,0.0,41.6,0.0,19.3,0.0,0.0,0.0,14.2,2.8,0.0,0.0,3.2
brine,38.5,34.8,35.7,0.0,30.1,0.0,79.8,0.0,0.0,0.0,0.0,0.0,1.8,25.0,0.0,0.0,14.9
brisket,24.4,31.7,32.7,0.2,42.3,0.0,36.4,0.0,0.0,0.0,0.0,0.0,0.6,10.3,0.0,0.0,3.1
broccoli,0.4,0.2,0.0,2.3,1.6,8.6,5.1,0.0,0.9,101.4,0.0,0.0,3.5,3.8,0.0,0.0,6.4
broccoli rabe,0.7,0.4,0.0,1.1,2.4,10.0,7.7,0.0,25.2,41.1,0.0,0.0,9.1,7.1,0.0,0.0,7.3
brown rice,4.9,0.0,0.0,27.5,0.0,0.0,14.4,0.0,0.0,0.0,0.0,0.0,0.8,8.3,0.0,0.0,5.6
brownie,20.9,21.2,5.7,23.2,12.4,7.5,9.6,0.0,2.2,0.0,0.0,0.0,2.2,12.5,0.0,0.0,3.2
brussel sprout,0.7,0.0,0.0,3.5,1.1,17.1,8.0,0.0,0.0,158.9,0.0,0.0,3.0,4.1,0.0,0.0,10.1
buffalo,8.8,23.0,6.3,1.9,2.3,0.0,7.5,0.0,5.9,2.6,0.0,0.0,13.0,0.7,0.0,0.0,3.8
bulgur,0.3,0.2,0.0,6.8,0.2,16.1,6.2,0.0,0.0,0.0,0.0,0.0,0.8,5.3,0.0,0.0,1.4
burrito,20.0,32.0,45.7,8.4,32.3,4.3,22.2,0.0,8.8,0.0,0.0,0.0,10.2,12.7,0.0,0.0,3.2
butter,128.2,300.0,100.0,0.0,0.0,0.0,0.0,0.0,0.0,0.0,0.0,0.0,0.0,0.0,0.0,0.0,0.0
buttermilk,1.4,2.8,1.6,1.7,4.0,0.0,6.9,0.0,0.0,0.0,0.0,0.0,9.2,0.1,0.0,0.0,3.4
butternut squash,0.1,0.1,0.0,4.3,0.2,7.1,2.0,0.0,59.1,23.3,0.0,0.0,3.7,3.9,0.0,0.0,7.5
butterscotch,4.2,10.3,3.0,32.9,17.0,0.0,0.1,0.0,3.1,0.0,0.0,0.0,0.3,0.1,0.0,0.0,0.1
caramel,10.4,12.4,2.3,28.0,10.7,0.0,9.2,0.0,1.3,0.4,0.0,0.0,10.6,0.8,0.0,0.0,4.6
cabbage,0.6,0.3,0.0,0.9,21.7,5.7,2.2,0.0,0.6,0.0,0.0,0.0,2.5,13.9,0.0,0.0,3.2
calvados,0.0,0.0,0.0,0.0,0.0,0.0,0.0,0.0,0.0,0.0,0.0,0.0,0.0,0.0,0.0,0.0,0.0
campari,0.0,0.0,0.0,0.0,0.0,0.0,0.0,0.0,0.0,0.0,0.0,0.0,0.0,0.0,0.0,0.0,0.0
candy,27.2,63.5,9.0,23.2,5.3,4.3,12.4,0.0,0.0,1.9,0.0,0.0,16.4,6.1,0.0,0.0,7.3
cantaloupe,0.2,0.3,0.0,3.0,0.7,3.2,1.7,0.0,18.8,40.8,0.0,0.0,0.7,1.2,0.0,0.0,5.7
capers,1.1,1.2,0.0,1.8,102.2,11.4,4.7,0.0,0.8,4.8,0.0,0.0,3.1,9.3,0.0,0.0,0.9
caraway,37.4,93.0,31.0,1.1,30.0,0.0,50.4,0.0,30.1,0.0,0.0,0.0,51.8,3.6,0.0,0.0,2.0
cardamom,8.6,3.4,0.0,24.9,0.8,100.0,21.6,0.0,0.0,23.3,0.0,0.0,29.5,77.8,0.0,0.0,23.8
carrot,1.9,1.3,0.0,28.9,12.0,84.3,16.2,0.0,380.0,16.2,0.0,0.0,16.3,21.8,0.0,0.0,54.0
cashew,49.9,0.0,0.0,13.2,0.2,14.6,34.8,0.0,0.0,0.0,0.0,0.0,3.2,33.3,0.0,0.0,13.6
cauliflower,0.3,0.0,0.0,1.7,0.9,7.0,3.3,0.0,0.0,74.6,0.0,0.0,1.6,1.9,0.0,0.0,5.8
caviar,22.9,20.3,196.0,1.5,65.2,0.0,49.2,0.0,30.1,0.0,0.0,0.0,21.2,66.1,0.0,0.0,3.9
celery,0.2,0.0,0.0,1.2,4.2,0.0,1.0,0.0,0.0,0.0,0.0,0.0,3.6,0.0,0.0,0.0,5.6
chambord,0.0,0.0,0.0,0.0,0.0,0.0,0.0,0.0,0.0,0.0,0.0,0.0,0.0,0.0,0.0,0.0,0.0
champagne,0.0,0.0,0.0,0.0,0.0,0.0,0.0,0.0,0.0,0.0,0.0,0.0,0.0,0.0,0.0,0.0,0.0
chard,0.3,0.1,0.0,1.4,9.3,5.7,3.6,0.0,34.0,33.3,0.0,0.0,3.9,10.0,0.0,0.0,8.1
chartreuse,0.0,0.0,0.0,0.0,0.0,0.0,0.0,0.0,0.0,0.0,0.0,0.0,0.0,0.0,0.0,0.0,0.0
cheddar,43.6,96.0,33.3,0.9,28.4,0.0,46.6,0.0,35.1,0.0,0.0,0.0,54.4,0.9,0.0,0.0,1.6
cheese,36.7,90.0,30.0,1.3,19.0,0.0,14.2,0.0,33.6,0.0,0.0,0.0,5.5,6.3,0.0,0.0,2.4
cherry,0.3,0.2,0.0,5.8,0.0,7.5,2.1,0.0,0.3,7.8,0.0,0.0,1.0,2.0,0.0,0.0,4.7
chestnut,5.9,3.4,0.0,29.3,0.0,31.1,10.6,0.0,0.0,4.5,0.0,0.0,4.3,9.0,0.0,0.0,21.9
chicken,22.6,16.2,18.7,1.5,31.4,1.1,36.0,0.0,3.3,0.0,0.0,0.0,1.2,4.8,0.0,0.0,2.3
chickpea,8.6,3.5,0.0,21.0,2.8,38.6,44.8,0.0,0.2,0.0,0.0,0.0,3.5,27.0,0.0,0.0,18.0
chile,1.2,0.0,0.0,7.0,92.2,7.9,3.9,0.0,14.3,29.9,0.0,0.0,1.4,9.1,0.0,0.0,6.8
chile pepper,7.4,4.1,0.0,25.4,4.0,102.5,21.2,0.0,146.7,34.9,0.0,0.0,3.5,33.6,0.0,0.0,39.8
chili,12.6,20.8,15.0,1.7,16.6,5.0,25.2,0.0,16.6,1.2,0.0,0.0,2.6,8.1,0.0,0.0,6.8
chive,0.9,0.7,0.0,1.6,0.1,8.9,6.5,0.0,24.2,64.6,0.0,0.0,7.1,8.9,0.0,0.0,6.3
chocolate,1.4,2.6,0.0,23.7,3.1,9.3,4.2,0.0,0.0,0.2,0.0,0.0,1.1,11.7,0.0,0.0,4.8
cilantro,0.7,0.1,0.0,1.3,2.0,10.0,4.3,0.0,37.4,30.0,0.0,0.0,5.2,9.8,0.0,0.0,11.1
cinnamon,6.8,0.0,0.0,16.1,16.9,12.5,14.1,0.0,0.0,0.0,0.0,0.0,5.5,14.1,0.0,0.0,1.6
citrus,0.0,0.0,0.0,4.1,0.4,0.0,0.0,0.0,0.0,27.8,0.0,0.0,0.6,0.0,0.0,0.0,0.1
clam,0.3,0.0,0.0,4.0,15.7,1.4,1.2,0.0,0.8,5.6,0.0,0.0,0.6,0.8,0.0,0.0,1.9
clove,16.7,19.8,0.0,23.8,12.0,121.1,11.9,0.0,0.9,0.2,0.0,0.0,48.6,65.6,0.0,0.0,21.7
coconut,19.6,70.0,0.0,21.4,2.0,122.1,32.2,0.0,0.0,0.0,0.0,0.0,2.8,44.6,0.0,0.0,44.5
cod,128.2,113.0,190.0,0.0,0.0,0.0,0.0,0.0,3333.3,0.0,0.0,0.0,0.0,0.0,0.0,0.0,0.0
coffee,1.8,1.0,0.0,3.7,1.8,0.0,4.1,0.0,0.0,0.0,0.0,0.0,9.5,0.0,0.0,0.0,2.8
cognac,0.0,0.0,0.0,0.0,0.0,0.0,0.0,0.0,0.0,0.0,0.0,0.0,0.0,0.0,0.0,0.0,0.0
armagnac,0.0,0.0,0.0,0.0,0.0,0.0,0.0,0.0,0.0,0.0,0.0,0.0,0.0,0.0,0.0,0.0,0.0
collard greens,0.8,0.3,0.0,2.0,0.7,14.3,6.0,0.0,27.9,39.2,0.0,0.0,17.8,2.6,0.0,0.0,4.5
coriander,22.8,5.0,0.0,20.0,1.5,149.6,24.8,0.0,0.0,23.3,0.0,0.0,54.5,90.6,0.0,0.0,27.0
corn,0.0,67.0,0.0,0.0,0.0,0.0,0.0,0.0,0.0,0.0,0.0,0.0,0.0,0.0,0.0,0.0,0.0
cornmeal,7.0,4.4,0.0,28.0,0.3,31.1,20.8,0.0,0.0,0.0,0.0,0.0,0.4,16.2,0.0,0.0,8.4
cottage cheese,5.4,13.2,4.7,1.1,17.5,0.4,21.8,0.0,5.9,4.4,0.0,0.0,4.3,0.6,0.0,0.0,1.8
couscous,0.2,0.1,0.0,8.4,0.2,5.0,7.6,0.0,0.0,0.0,0.0,0.0,0.6,2.1,0.0,0.0,1.2
crab,9.6,7.4,50.0,0.2,14.3,0.0,40.4,0.0,6.3,3.1,0.0,0.0,8.1,6.0,0.0,0.0,6.9
cranberry,0.2,0.0,0.0,4.4,0.1,12.9,0.9,0.0,0.3,15.6,0.0,0.0,0.6,1.3,0.0,0.0,1.7
cranberry sauce,0.2,0.0,0.0,14.7,0.2,3.9,1.8,0.0,0.2,1.1,0.0,0.0,0.2,2.3,0.0,0.0,0.6
cream cheese,44.1,101.0,33.7,2.0,13.7,0.0,12.3,0.0,34.2,0.0,0.0,0.0,7.5,0.6,0.0,0.0,2.8
créme de cacao,9.4,22.7,9.7,20.1,5.6,0.0,13.7,0.0,8.2,2.9,0.0,0.0,19.3,0.9,0.0,0.0,7.4
cucumber,0.2,0.4,0.0,0.8,0.1,2.5,1.2,0.0,0.4,3.6,0.0,0.0,1.1,1.2,0.0,0.0,2.9
cumin,28.6,7.7,0.0,16.1,7.3,37.5,35.6,0.0,7.1,8.6,0.0,0.0,71.6,368.9,0.0,0.0,38.1
currant,0.3,0.4,0.0,28.0,1.9,15.7,6.9,0.0,0.4,5.2,0.0,0.0,6.8,10.4,0.0,0.0,16.5
curry,17.9,8.2,0.0,20.3,2.3,190.0,28.6,0.0,0.1,0.8,0.0,0.0,40.4,106.1,0.0,0.0,24.9
dairy,3.3,8.2,5.3,8.6,4.3,11.8,7.0,0.0,0.0,0.0,0.0,0.0,9.8,5.8,0.0,0.0,3.9
date,0.2,0.0,0.0,27.3,0.0,23.9,3.6,0.0,0.8,0.0,0.0,0.0,4.9,5.0,0.0,0.0,14.8
dill,0.6,0.0,0.0,0.7,35.1,3.6,1.0,0.0,0.4,2.3,0.0,0.0,4.2,1.3,0.0,0.0,2.4
dried fruit,1.5,1.4,0.0,25.7,0.1,16.4,7.6,0.0,0.0,203.3,0.0,0.0,2.5,9.4,0.0,0.0,23.6
duck,5.9,7.2,171.7,1.3,6.1,0.0,37.4,0.0,1333.3,5.0,0.0,0.0,0.8,169.4,0.0,0.0,4.9
eau de vie,9.4,22.7,9.7,20.1,5.6,0.0,13.7,0.0,8.2,2.9,0.0,0.0,19.3,0.9,0.0,0.0,7.4
egg,0.0,0.0,0.0,0.9,0.0,0.0,21.4,0.0,0.0,0.0,0.0,0.0,0.0,0.0,0.0,0.0,0.0
egg nog,2.1,0.0,0.0,4.5,2.7,0.0,4.9,0.0,0.0,0.0,0.0,0.0,1.2,1.7,0.0,0.0,2.6
eggplant,0.9,0.7,0.0,3.6,72.6,8.9,1.8,0.0,0.3,0.0,0.0,0.0,1.9,4.3,0.0,0.0,0.3
emeril lagasse,0.0,0.0,0.0,0.0,0.0,0.0,0.0,0.0,0.0,0.0,0.0,0.0,0.0,0.0,0.0,0.0,0.0
endive,0.3,0.2,0.0,1.2,1.0,11.1,2.5,0.0,12.0,7.2,0.0,0.0,4.0,4.6,0.0,0.0,6.7
escarole,0.2,0.2,0.0,1.1,0.8,10.0,2.3,0.0,10.4,3.7,0.0,0.0,3.5,4.0,0.0,0.0,5.2
fennel,0.2,0.0,0.0,2.0,2.1,7.3,1.8,0.0,0.0,16.3,0.0,0.0,3.2,0.0,0.0,0.0,7.1
feta,27.6,66.5,29.7,1.4,49.6,0.0,28.4,0.0,13.9,0.0,0.0,0.0,37.9,3.6,0.0,0.0,1.3
fig,0.4,0.3,0.0,7.0,0.0,10.4,1.5,0.0,0.8,2.2,0.0,0.0,2.7,2.1,0.0,0.0,4.9
fish,20.8,18.6,9.3,7.9,17.5,5.4,22.0,0.0,0.4,0.0,0.0,0.0,1.2,4.7,0.0,0.0,3.9
flat bread,0.9,0.9,23.7,0.0,6.5,0.0,44.4,0.0,0.0,0.0,0.0,0.0,0.2,27.8,0.0,0.0,5.1
fontina,39.9,96.0,38.7,0.6,34.8,0.0,51.2,0.0,29.0,0.0,0.0,0.0,42.3,1.3,0.0,0.0,1.4
fortified wine,8.5,4.5,0.0,25.2,1.4,23.6,26.4,0.0,0.0,0.0,0.0,0.0,49.5,267.8,0.0,0.0,9.9
frangelico,0.0,0.0,0.0,0.0,0.0,0.0,0.0,0.0,0.0,0.0,0.0,0.0,0.0,0.0,0.0,0.0,0.0
fruit,0.1,0.1,0.0,30.1,4.3,5.7,0.7,0.0,0.1,0.0,0.0,0.0,1.4,0.9,0.0,0.0,1.2
fruit juice,0.1,0.1,0.0,4.3,0.3,0.4,0.2,0.0,0.2,70.7,0.0,0.0,0.6,1.9,0.0,0.0,2.1
game,2.6,3.7,31.7,0.0,2.2,0.0,44.8,0.0,0.0,0.0,0.0,0.0,0.2,17.7,0.0,0.0,7.5
garlic,0.5,0.0,0.0,10.3,0.0,9.6,13.2,0.0,0.0,11.1,0.0,0.0,0.0,0.0,0.0,0.0,0.0
gin,0.0,0.0,0.0,0.0,0.0,0.0,0.0,0.0,0.0,0.0,0.0,0.0,0.0,0.2,0.0,0.0,0.0
ginger,1.0,1.0,0.0,6.5,0.6,7.1,3.6,0.0,0.0,5.6,0.0,0.0,1.2,3.3,0.0,0.0,8.8
goat cheese,45.6,123.0,35.0,0.8,18.4,0.0,61.0,0.0,54.0,0.0,0.0,0.0,68.8,10.4,0.0,0.0,1.0
goose,127.9,138.5,33.3,0.0,0.0,0.0,0.0,0.0,0.0,0.0,0.0,0.0,0.0,0.0,0.0,0.0,0.0
gouda,35.1,88.0,38.0,0.8,35.6,0.0,49.8,0.0,18.3,0.0,0.0,0.0,53.8,1.3,0.0,0.0,2.6
gourmet,0.0,0.0,0.0,0.0,0.0,0.0,0.0,0.0,0.0,0.0,0.0,0.0,0.0,0.0,0.0,0.0,0.0
grains,2.1,1.0,0.0,27.6,0.1,53.9,20.6,0.0,0.1,0.0,0.0,0.0,1.8,14.6,0.0,0.0,10.9
grand marnier,24.7,59.5,4.0,25.8,8.8,3.6,5.0,0.0,4.2,0.8,0.0,0.0,5.8,1.9,0.0,0.0,3.5
granola,31.2,19.8,0.0,19.6,1.1,31.8,27.4,0.0,0.1,1.3,0.0,0.0,5.8,21.9,0.0,0.0,11.5
grape,2.5,1.6,0.0,4.3,123.9,35.4,8.5,0.0,29.2,12.6,0.0,0.0,22.2,16.6,0.0,0.0,0.6
grapefruit,0.1,0.1,0.0,3.3,0.0,0.0,1.0,0.0,2.4,42.2,0.0,0.0,0.7,1.1,0.0,0.0,3.4
grappa,0.0,0.0,0.0,0.0,0.0,0.0,0.0,0.0,0.0,0.0,0.0,0.0,0.0,0.0,0.0,0.0,0.0
green bean,0.6,0.0,0.0,2.3,0.1,12.1,4.6,0.0,0.0,8.1,0.0,0.0,4.2,4.6,0.0,0.0,6.9
green onion,0.6,0.8,0.0,2.1,0.7,6.4,1.9,0.0,22.2,14.9,0.0,0.0,4.0,2.8,0.0,0.0,3.4
scallion,0.2,0.2,0.0,2.7,0.7,9.3,3.7,0.0,5.6,20.9,0.0,0.0,5.5,8.2,0.0,0.0,5.9
ground beef,16.3,26.7,20.7,0.0,3.0,0.0,38.8,0.0,0.0,0.0,0.0,0.0,0.9,11.1,0.0,0.0,6.1
ground lamb,30.0,51.0,24.3,0.0,2.6,0.0,33.2,0.0,0.0,0.0,0.0,0.0,1.2,8.6,0.0,0.0,4.7
guava,23.7,27.7,3.3,17.4,10.0,7.9,11.0,0.0,0.0,0.0,0.0,0.0,1.1,11.8,0.0,0.0,2.2
halibut,17.7,12.1,15.3,0.0,3.5,0.0,28.8,0.0,1.6,0.0,0.0,0.0,0.2,3.7,0.0,0.0,5.7
ham,26.5,35.9,23.3,0.7,53.9,0.0,32.6,0.0,0.0,0.0,0.0,0.0,0.8,4.4,0.0,0.0,6.6
hamburger,12.9,17.5,9.0,11.0,21.5,4.6,25.8,0.0,0.0,0.7,0.0,0.0,9.8,15.9,0.0,0.0,4.1
hazelnut,128.2,37.0,0.0,0.0,0.0,0.0,0.0,0.0,0.0,0.0,0.0,0.0,0.0,0.0,0.0,0.0,0.0
herb,0.0,0.0,0.0,0.1,0.0,0.0,0.0,0.0,0.1,0.0,0.0,0.0,0.2,0.4,0.0,0.0,0.2
hominy,1.1,0.6,0.0,5.2,11.6,8.9,3.0,0.0,0.0,0.3,0.0,0.0,0.8,3.4,0.0,0.0,0.2
masa,4.7,2.7,0.0,27.9,0.2,22.9,16.9,0.0,0.0,0.0,0.0,0.0,10.6,47.2,0.0,0.0,5.6
cornmeal,7.0,4.4,0.0,28.0,0.3,31.1,20.8,0.0,0.0,0.0,0.0,0.0,0.4,16.2,0.0,0.0,8.4
honey,0.0,0.0,0.0,30.0,0.2,0.7,0.6,0.0,0.0,0.6,0.0,0.0,0.5,2.3,0.0,0.0,1.1
honeydew,0.3,0.0,0.0,3.0,0.9,0.0,1.1,0.0,0.0,17.4,0.0,0.0,0.5,0.0,0.0,0.0,4.4
horseradish,0.9,0.4,0.0,4.1,18.3,11.8,2.4,0.0,0.0,27.7,0.0,0.0,4.3,2.3,0.0,0.0,5.2
hot pepper,0.5,0.3,0.0,1.7,62.2,9.3,1.6,0.0,4.8,13.7,0.0,0.0,4.7,1.8,0.0,0.0,2.4
hummus,22.8,12.8,0.0,5.5,18.5,19.6,15.6,0.0,0.1,0.0,0.0,0.0,3.6,14.1,0.0,0.0,6.6
ice cream,11.0,11.6,7.0,13.5,5.6,0.0,8.6,0.0,9.6,0.0,0.0,0.0,6.6,1.4,0.0,0.0,2.4
jalapeño,0.0,0.0,0.0,0.0,0.0,0.0,0.0,0.0,0.0,0.0,0.0,0.0,0.0,0.0,0.0,0.0,0.0
jam or jelly,0.1,0.1,0.0,25.1,1.4,3.9,0.7,0.0,0.0,9.8,0.0,0.0,1.5,2.7,0.0,0.0,1.6
jerusalem artichoke,0.0,0.0,0.0,6.3,0.2,5.7,4.0,0.0,0.1,4.4,0.0,0.0,1.1,18.9,0.0,0.0,9.1
jícama,0.0,0.0,0.0,0.0,0.0,0.0,0.0,0.0,0.0,0.0,0.0,0.0,0.0,0.0,0.0,0.0,0.0
kahlúa,0.0,0.0,0.0,0.0,0.0,0.0,0.0,0.0,0.0,0.0,0.0,0.0,0.0,0.0,0.0,0.0,0.0
kale,1.9,0.9,0.0,1.6,2.3,14.6,5.8,0.0,26.8,103.8,0.0,0.0,19.5,8.9,0.0,0.0,7.4
kirsch,0.0,0.0,0.0,0.0,0.0,0.0,0.0,0.0,0.0,0.0,0.0,0.0,0.0,0.0,0.0,0.0,0.0
kiwi,0.0,0.0,0.0,4.5,0.5,0.0,0.0,0.0,0.1,27.4,0.0,0.0,0.0,0.8,0.0,0.0,0.3
kumquat,1.1,0.5,0.0,5.8,0.4,23.2,3.8,0.0,1.7,48.8,0.0,0.0,4.8,4.8,0.0,0.0,4.0
lamb,15.9,24.2,21.0,0.0,2.5,0.0,40.6,0.0,0.9,0.0,0.0,0.0,0.3,5.8,0.0,0.0,6.0
lamb chop,33.6,56.0,23.0,0.1,2.7,0.0,30.8,0.0,1.8,0.0,0.0,0.0,1.1,6.9,0.0,0.0,5.6
lamb shank,14.6,23.1,22.0,0.0,3.3,0.0,40.2,0.0,0.9,0.0,0.0,0.0,0.5,7.1,0.0,0.0,6.1
lasagna,6.8,10.5,4.3,5.0,12.3,6.1,13.1,0.0,5.1,19.0,0.0,0.0,8.5,7.1,0.0,0.0,3.9
leafy green,0.3,0.3,0.0,1.8,0.3,0.0,8.2,0.0,4.0,40.0,0.0,0.0,4.8,10.7,0.0,0.0,9.7
leek,0.4,0.2,0.0,5.2,0.9,6.4,3.0,0.0,9.2,13.3,0.0,0.0,4.5,11.7,0.0,0.0,3.8
legume,33.2,20.3,0.0,10.4,77.0,36.4,64.0,0.0,0.0,2.1,0.0,0.0,7.8,4.0,0.0,0.0,3.1
lemon,0.1,0.1,0.0,2.1,1.1,2.5,0.9,0.0,0.2,18.4,0.0,0.0,0.7,0.3,0.0,0.0,2.3
lemon juice,0.3,0.2,0.0,2.5,0.0,1.1,0.7,0.0,0.0,43.0,0.0,0.0,0.5,0.4,0.0,0.0,2.2
lemongrass,1.4,1.7,0.0,3.0,6.3,5.4,2.6,0.0,0.0,0.0,0.0,0.0,1.8,0.0,0.0,0.0,0.0
lentil,2.5,0.0,0.0,22.6,0.0,0.0,47.2,0.0,0.0,0.0,0.0,0.0,4.8,39.8,0.0,0.0,20.2
lettuce,0.1,0.0,0.0,1.2,0.7,0.0,1.5,0.0,0.0,0.0,0.0,0.0,1.1,0.2,0.0,0.0,3.0
lima bean,1.1,1.0,0.0,7.3,0.3,17.5,13.7,0.0,1.1,26.0,0.0,0.0,2.6,17.4,0.0,0.0,9.9
lime,0.3,0.1,0.0,3.8,0.1,10.0,1.4,0.0,0.2,32.3,0.0,0.0,2.5,3.3,0.0,0.0,2.2
lime juice,0.1,0.0,0.0,3.1,0.1,1.4,0.8,0.0,0.2,33.3,0.0,0.0,1.1,0.5,0.0,0.0,2.5
lingonberry,0.0,0.0,0.0,0.0,0.0,0.0,0.0,0.0,0.0,0.0,0.0,0.0,0.0,0.0,0.0,0.0,0.0
liqueur,0.4,0.5,0.0,17.0,0.3,0.0,0.2,0.0,0.0,0.0,0.0,0.0,0.1,0.3,0.0,0.0,0.6
lobster,1.0,0.9,42.3,0.0,18.4,0.0,33.0,0.0,0.1,0.0,0.0,0.0,6.5,1.4,0.0,0.0,4.3
lychee,1.5,1.4,0.0,25.7,0.1,16.4,7.6,0.0,0.0,203.3,0.0,0.0,2.5,9.4,0.0,0.0,23.6
macadamia nut,97.2,60.5,0.0,5.0,0.2,30.7,15.8,0.0,0.0,1.3,0.0,0.0,6.5,20.5,0.0,0.0,7.8
mango,0.5,0.5,0.0,5.5,0.0,5.7,1.6,0.0,6.0,40.4,0.0,0.0,0.8,0.9,0.0,0.0,3.6
maple syrup,0.1,0.0,0.0,24.4,0.5,0.0,0.1,0.0,0.0,0.0,0.0,0.0,7.8,0.6,0.0,0.0,4.5
marsala,0.0,0.0,0.0,0.0,0.0,0.0,0.0,0.0,0.0,0.0,0.0,0.0,0.0,0.0,0.0,0.0,0.0
marscarpone,0.0,0.0,0.0,0.0,0.0,0.0,0.0,0.0,0.0,0.0,0.0,0.0,0.0,0.0,0.0,0.0,0.0
marshmallow,0.3,0.3,0.0,29.6,3.5,0.4,3.6,0.0,0.0,0.0,0.0,0.0,0.2,1.3,0.0,0.0,0.1
mayonnaise,24.4,14.8,8.7,8.7,36.4,0.0,1.8,0.0,2.3,0.0,0.0,0.0,1.1,1.4,0.0,0.0,0.5
meat,18.7,29.1,23.3,0.4,11.6,0.7,26.8,0.0,2.3,2.7,0.0,0.0,2.6,7.7,0.0,0.0,2.4
meatball,11.5,7.1,0.0,2.9,23.9,16.4,42.0,0.0,0.0,0.0,0.0,0.0,1.9,12.0,0.0,0.0,3.8
meatloaf,11.5,7.1,0.0,2.9,23.9,16.4,42.0,0.0,0.0,0.0,0.0,0.0,2.2,11.7,0.0,0.0,3.8
melon,1.6,0.0,0.0,2.7,0.1,0.0,3.6,0.0,0.8,5.9,0.0,0.0,1.0,6.3,0.0,0.0,2.6
mezcal,0.0,0.0,0.0,0.0,0.0,0.0,0.0,0.0,0.0,0.0,0.0,0.0,0.0,0.0,0.0,0.0,0.0
midori,0.0,0.0,0.0,0.0,0.0,0.0,0.0,0.0,0.0,0.0,0.0,0.0,0.0,0.0,0.0,0.0,0.0
milk,17.7,14.6,3.7,26.1,29.9,12.1,15.2,0.0,1.8,0.2,0.0,0.0,13.2,19.9,0.0,0.0,2.4
cream,24.5,51.0,19.7,1.3,3.1,0.0,5.9,0.0,13.3,0.9,0.0,0.0,7.0,0.3,0.0,0.0,2.9
mint,15.3,41.6,0.0,28.9,0.0,8.6,3.3,0.0,0.0,0.0,0.0,0.0,1.0,3.2,0.0,0.0,0.0
molasses,0.1,0.1,0.0,27.2,1.6,0.0,0.0,0.0,0.0,0.0,0.0,0.0,15.8,26.2,0.0,0.0,31.1
monterey jack,41.8,96.0,33.3,0.7,28.8,0.0,45.2,0.0,0.0,0.0,0.0,0.0,55.0,0.0,0.0,0.0,1.8
mozzarella,23.6,33.7,11.0,8.3,36.4,7.5,29.8,0.0,12.6,0.0,0.0,0.0,24.5,2.4,0.0,0.0,2.3
mushroom,0.6,0.0,0.0,2.5,0.0,11.2,4.4,0.0,0.0,0.0,0.0,0.0,0.0,4.1,0.0,0.0,8.0
mussel,2.9,2.1,9.3,1.3,12.4,0.0,23.8,0.0,5.3,8.9,0.0,0.0,2.0,21.9,0.0,0.0,6.8
mustard,128.2,58.0,0.0,0.0,0.0,0.0,0.0,0.0,0.0,0.0,0.0,0.0,0.0,0.0,0.0,0.0,0.0
mustard greens,0.5,0.1,0.0,1.7,0.9,11.4,5.7,0.0,16.8,77.8,0.0,0.0,8.8,9.1,0.0,0.0,8.2
nancy silverton,0.0,0.0,0.0,0.0,0.0,0.0,0.0,0.0,0.0,0.0,0.0,0.0,0.0,0.0,0.0,0.0,0.0
nectarine,0.4,0.1,0.0,3.9,0.0,6.1,2.1,0.0,1.9,6.0,0.0,0.0,0.5,1.6,0.0,0.0,4.3
new year's day,0.3,0.1,0.0,1.4,0.2,4.3,1.8,0.0,4.7,15.2,0.0,0.0,0.8,1.5,0.0,0.0,5.0
new year's eve,0.3,0.1,0.0,1.4,0.2,4.3,1.8,0.0,4.7,15.2,0.0,0.0,0.8,1.5,0.0,0.0,5.0
noodle,0.3,0.1,0.0,8.7,0.8,3.6,3.6,0.0,0.0,0.0,0.0,0.0,0.3,0.8,0.0,0.0,0.1
nut,49.9,0.0,0.0,13.2,0.2,14.6,34.8,0.0,0.0,0.0,0.0,0.0,3.2,33.3,0.0,0.0,13.6
nutmeg,128.2,450.0,0.0,0.0,0.0,0.0,0.0,0.0,0.0,0.0,0.0,0.0,0.0,0.0,0.0,0.0,0.0
oat,128.2,98.0,0.0,0.0,0.0,0.0,0.0,0.0,0.0,0.0,0.0,0.0,0.0,0.0,0.0,0.0,0.0
oatmeal,5.6,3.5,0.0,17.6,19.4,14.3,16.8,0.0,0.6,0.0,0.0,0.0,5.1,15.0,0.0,0.0,3.0
octopus,1.0,1.0,13.7,0.0,0.0,0.0,24.6,0.0,0.0,0.0,0.0,0.0,2.7,27.2,0.0,0.0,0.0
okra,0.2,0.1,0.0,2.7,0.3,11.4,3.9,0.0,4.0,25.6,0.0,0.0,6.3,3.4,0.0,0.0,6.4
olive,21.2,29.2,12.7,3.3,41.9,0.0,23.6,0.0,6.7,0.0,0.0,0.0,8.4,3.0,0.0,0.0,6.3
onion,0.1,0.2,0.0,3.4,0.2,6.1,2.2,0.0,0.0,8.2,0.0,0.0,1.8,1.2,0.0,0.0,3.1
orange,0.0,0.0,0.0,24.1,2.4,2.5,0.6,0.0,0.3,5.3,0.0,0.0,2.9,0.8,0.0,0.0,0.8
orange juice,0.4,0.2,0.0,3.7,0.0,0.4,1.2,0.0,0.3,69.4,0.0,0.0,0.9,0.9,0.0,0.0,3.9
oregano,5.5,7.8,0.0,25.1,1.1,151.8,18.0,0.0,9.4,2.6,0.0,0.0,123.1,204.4,0.0,0.0,26.8
orzo,0.0,0.0,0.0,0.0,0.0,0.0,0.0,0.0,0.0,0.0,0.0,0.0,0.0,0.0,0.0,0.0,0.0
oyster,0.2,0.0,0.0,2.5,0.0,10.2,5.8,0.0,0.0,0.0,0.0,0.0,0.0,3.9,0.0,0.0,6.0
papaya,0.3,0.4,0.0,3.9,0.3,6.1,0.9,0.0,5.2,67.7,0.0,0.0,1.5,1.4,0.0,0.0,3.9
paprika,16.5,10.7,0.0,19.6,3.0,124.6,28.2,0.0,273.3,1.0,0.0,0.0,17.6,117.2,0.0,0.0,48.5
parmesan,35.6,77.0,28.7,5.1,78.3,0.0,56.8,0.0,29.1,0.0,0.0,0.0,65.6,2.7,0.0,0.0,3.8
parsley,1.0,0.7,0.0,2.3,2.4,11.8,5.9,0.0,46.8,147.8,0.0,0.0,10.6,34.4,0.0,0.0,11.8
parsnip,0.4,0.2,0.0,6.5,0.4,17.5,2.4,0.0,0.0,18.9,0.0,0.0,2.8,3.3,0.0,0.0,8.0
passion fruit,0.1,0.0,0.0,4.9,0.3,0.7,0.8,0.0,4.0,33.1,0.0,0.0,0.3,1.3,0.0,0.0,5.9
pasta,1.9,1.4,0.0,27.2,0.3,11.4,26.0,0.0,0.0,0.0,0.0,0.0,1.6,18.3,0.0,0.0,4.7
pastry,23.7,27.7,3.3,17.4,10.0,7.9,11.0,0.0,0.0,0.0,0.0,0.0,1.1,11.8,0.0,0.0,2.2
pea,3.1,0.0,0.0,22.5,0.2,0.0,42.4,0.0,0.0,0.0,0.0,0.0,5.5,32.9,0.0,0.0,26.4
peach,12.8,7.5,0.0,12.0,9.4,2.9,3.8,0.0,1.1,1.0,0.0,0.0,0.6,2.8,0.0,0.0,2.7
peanut,0.0,81.0,0.0,0.0,0.0,0.0,0.0,0.0,0.0,0.0,0.0,0.0,0.0,0.0,0.0,0.0,0.0
peanut butter,63.3,42.1,0.0,8.3,9.6,22.6,48.0,0.0,0.0,0.0,0.0,0.0,3.8,10.3,0.0,0.0,13.9
pear,0.2,0.1,0.0,5.5,0.0,11.1,0.7,0.0,0.1,4.8,0.0,0.0,0.7,1.0,0.0,0.0,2.5
pecan,92.3,30.9,0.0,5.1,0.0,34.3,18.3,0.0,0.3,1.2,0.0,0.0,5.4,14.1,0.0,0.0,8.7
pepper,0.6,0.2,0.0,1.9,0.6,12.1,3.3,0.0,1.9,91.9,0.0,0.0,1.1,2.6,0.0,0.0,5.4
pernod,0.0,0.0,0.0,0.0,0.0,0.0,0.0,0.0,0.0,0.0,0.0,0.0,0.0,0.0,0.0,0.0,0.0
persimmon,0.8,0.0,0.0,26.7,0.1,51.8,2.8,0.0,4.2,0.0,0.0,0.0,1.9,4.1,0.0,0.0,17.1
phyllo,7.7,7.3,0.0,19.1,21.0,6.8,14.2,0.0,0.0,0.0,0.0,0.0,0.8,17.8,0.0,0.0,1.6
puff pastry dough,48.8,48.2,0.0,16.4,10.8,5.4,14.6,0.0,0.0,0.0,0.0,0.0,0.8,14.2,0.0,0.0,1.3
pickles,0.9,0.7,0.0,3.6,72.6,8.9,1.8,0.0,0.3,0.0,0.0,0.0,1.9,4.3,0.0,0.0,0.3
pine nut,87.7,24.5,0.0,4.8,0.1,13.2,27.4,0.0,0.1,0.9,0.0,0.0,1.2,30.7,0.0,0.0,12.7
pineapple,0.3,0.0,0.0,5.1,0.0,3.3,0.9,0.0,0.0,65.1,0.0,0.0,1.0,0.3,0.0,0.0,2.9
pistachio,58.1,29.5,0.0,9.9,0.0,37.9,40.4,0.0,2.9,6.2,0.0,0.0,8.1,21.8,0.0,0.0,21.7
plantain,0.1,0.4,0.0,10.6,0.1,9.3,2.2,0.0,0.0,10.1,0.0,0.0,0.2,1.7,0.0,0.0,6.1
plum,0.4,0.1,0.0,4.1,0.0,5.0,1.4,0.0,1.9,10.6,0.0,0.0,0.5,0.9,0.0,0.0,3.3
poblano,0.2,0.0,0.0,1.9,0.0,7.4,2.9,0.0,0.0,142.2,0.0,0.0,0.6,0.7,0.0,0.0,4.1
pomegranate,1.5,0.6,0.0,6.8,0.1,14.3,3.3,0.0,0.0,11.3,0.0,0.0,0.8,1.7,0.0,0.0,5.0
pomegranate juice,0.4,0.4,0.0,4.8,0.4,0.4,0.3,0.0,0.0,0.1,0.0,0.0,0.8,0.6,0.0,0.0,4.6
poppy,53.3,22.6,0.0,10.2,1.1,69.6,36.0,0.0,0.0,1.1,0.0,0.0,110.8,54.2,0.0,0.0,15.3
pork,13.5,16.2,29.7,0.0,45.7,0.0,38.2,0.0,2.6,0.0,0.0,0.0,1.5,6.3,0.0,0.0,1.0
pork chop,7.0,0.0,19.1,-0.2,1.7,0.0,45.6,0.0,0.0,0.0,0.0,0.0,0.3,2.3,0.0,0.0,7.8
pork rib,15.1,11.9,24.7,0.0,2.7,0.0,38.6,0.0,0.2,0.0,0.0,0.0,1.7,4.7,0.0,0.0,6.8
pork tenderloin,5.0,4.3,19.9,0.0,1.8,0.0,43.2,0.0,0.0,0.0,0.0,0.0,0.3,5.2,0.0,0.0,8.4
port,36.2,83.5,41.0,0.2,23.2,0.0,47.6,0.0,35.0,0.0,0.0,0.0,50.0,2.4,0.0,0.0,2.9
potato,4.0,0.0,0.0,17.1,16.3,22.5,25.0,0.0,2.7,0.0,0.0,0.0,14.5,12.5,0.0,0.0,15.3
poultry,30.5,37.0,30.7,2.3,60.0,0.0,20.6,0.0,0.0,0.0,0.0,0.0,9.6,6.9,0.0,0.0,6.8
poultry sausage,30.5,37.0,30.7,2.3,60.0,0.0,20.6,0.0,0.0,0.0,0.0,0.0,9.6,6.9,0.0,0.0,6.8
prosciutto,0.0,0.0,0.0,0.0,0.0,0.0,0.0,0.0,0.0,0.0,0.0,0.0,0.0,0.0,0.0,0.0,0.0
prune,0.3,0.1,0.0,23.7,1.0,11.8,4.2,0.0,11.1,4.8,0.0,0.0,2.4,15.6,0.0,0.0,18.1
pumpkin,0.1,0.3,0.0,2.4,0.0,1.8,2.0,0.0,47.3,10.0,0.0,0.0,1.6,4.4,0.0,0.0,7.2
quail,18.1,19.8,28.7,0.0,2.3,0.0,50.2,0.0,7.8,2.6,0.0,0.0,1.2,24.6,0.0,0.0,4.6
quince,0.1,0.1,0.0,5.6,0.2,6.8,0.8,0.0,0.2,16.7,0.0,0.0,0.8,3.9,0.0,0.0,4.2
quinoa,2.5,1.2,0.0,7.7,0.3,10.0,8.8,0.0,0.0,0.0,0.0,0.0,1.3,8.3,0.0,0.0,3.7
rabbit,3.0,3.4,27.0,0.0,2.2,0.0,43.6,0.0,0.0,0.0,0.0,0.0,0.9,17.8,0.0,0.0,8.0
rack of lamb,12.8,21.5,20.7,0.0,2.7,0.0,39.8,0.0,0.8,0.0,0.0,0.0,0.6,7.6,0.0,0.0,6.9
radicchio,0.3,0.3,0.0,1.6,1.0,3.2,2.9,0.0,0.1,8.9,0.0,0.0,1.5,3.2,0.0,0.0,6.4
radish,0.1,0.2,0.0,1.2,1.7,5.7,1.4,0.0,0.0,16.4,0.0,0.0,1.9,1.9,0.0,0.0,5.0
raisin,0.7,0.9,0.0,28.5,1.2,24.3,5.0,0.0,0.0,6.0,0.0,0.0,2.2,14.4,0.0,0.0,17.6
raspberry,0.2,0.0,0.0,4.7,0.0,0.0,2.0,0.0,0.0,25.6,0.0,0.0,1.3,2.5,0.0,0.0,3.3
red wine,0.0,0.0,0.0,0.1,0.3,0.0,0.1,0.0,0.0,0.6,0.0,0.0,0.5,2.5,0.0,0.0,0.8
rhubarb,0.3,0.3,0.0,1.7,0.2,6.4,1.8,0.0,0.6,8.9,0.0,0.0,6.6,1.2,0.0,0.0,6.1
rice,6.4,0.0,0.0,30.0,10.1,0.0,20.0,0.0,0.0,0.0,0.0,0.0,0.0,0.0,0.0,0.0,5.2
ricotta,13.1,32.1,16.3,2.6,4.8,0.0,15.1,0.0,13.3,0.0,0.0,0.0,15.8,0.7,0.0,0.0,4.7
root vegetable,0.2,0.1,0.0,6.3,0.2,11.8,3.1,0.0,0.0,3.3,0.0,0.0,3.2,4.4,0.0,0.0,6.6
rosemary,7.5,14.2,0.0,7.5,1.1,50.4,6.6,0.0,16.2,24.2,0.0,0.0,24.4,36.9,0.0,0.0,14.2
rosé,0.0,0.0,0.0,0.0,0.0,0.0,0.0,0.0,0.0,0.0,0.0,0.0,0.0,0.0,0.0,0.0,0.0
rum,0.0,0.0,0.0,0.0,0.0,0.0,0.0,0.0,0.0,0.0,0.0,0.0,0.0,0.7,0.0,0.0,0.0
rutabaga,0.2,0.1,0.0,3.1,0.5,8.2,2.2,0.0,0.0,27.8,0.0,0.0,3.3,2.4,0.0,0.0,6.5
rye,4.2,3.1,0.0,17.6,26.2,20.7,17.0,0.0,0.0,0.4,0.0,0.0,5.6,15.7,0.0,0.0,3.5
saffron,7.5,8.0,0.0,23.8,6.4,13.9,22.8,0.0,3.0,89.8,0.0,0.0,8.5,61.7,0.0,0.0,36.6
sage,16.4,35.2,0.0,22.1,0.5,143.9,21.2,0.0,32.8,36.0,0.0,0.0,126.9,156.1,0.0,0.0,22.8
sake,0.0,0.0,0.0,1.8,0.1,0.0,1.0,0.0,0.0,0.0,0.0,0.0,0.4,0.6,0.0,0.0,0.5
salmon,128.2,99.5,161.7,0.0,0.0,0.0,0.0,0.0,0.0,0.0,0.0,0.0,0.0,0.0,0.0,0.0,0.0
salsa,12.2,12.5,3.0,4.0,34.6,2.5,6.3,0.0,3.7,0.4,0.0,0.0,7.5,0.8,0.0,0.0,2.2
sardine,128.2,149.5,236.7,0.0,0.0,0.0,0.0,0.0,0.0,0.0,0.0,0.0,0.0,0.0,0.0,0.0,0.0
sauce,23.5,42.2,7.7,22.0,139.1,3.6,15.4,0.0,6.2,1.0,0.0,0.0,15.7,2.8,0.0,0.0,9.1
sausage,36.2,46.6,20.3,0.3,36.0,0.0,24.0,0.0,0.0,0.0,0.0,0.0,0.8,3.3,0.0,0.0,10.3
scallop,0.3,0.2,0.0,1.4,0.0,4.3,2.4,0.0,1.2,20.0,0.0,0.0,1.5,2.2,0.0,0.0,3.9
scotch,0.0,0.0,0.0,0.0,0.0,0.0,0.0,0.0,0.0,0.0,0.0,0.0,0.0,0.0,0.0,0.0,0.0
seafood,0.0,0.0,0.0,0.0,0.0,0.0,0.0,0.0,0.0,0.0,0.0,0.0,0.0,0.0,0.0,0.0,0.0
seed,2.9,3.1,0.0,11.6,1.0,17.1,10.6,0.0,1.3,6.8,0.0,0.0,4.7,3.3,0.0,0.0,18.6
self,2.2,1.2,0.0,27.2,58.7,25.4,16.8,0.0,0.0,0.0,0.0,0.0,26.9,26.3,0.0,0.0,3.6
semolina,1.3,0.8,0.0,26.5,0.0,13.9,25.4,0.0,0.0,0.0,0.0,0.0,1.3,24.2,0.0,0.0,4.0
sesame,42.7,23.3,0.0,18.3,7.3,27.5,23.2,0.0,0.0,0.0,0.0,0.0,49.2,23.7,0.0,0.0,6.5
sesame oil,128.2,71.0,0.0,0.0,0.0,0.0,0.0,0.0,0.0,0.0,0.0,0.0,0.0,0.0,0.0,0.0,0.0
shallot,0.1,0.1,0.0,6.1,0.5,11.4,5.0,0.0,0.0,8.9,0.0,0.0,2.8,6.7,0.0,0.0,7.1
shellfish,12.6,0.0,0.0,0.9,234.8,0.0,53.8,0.0,0.0,0.0,0.0,0.0,18.5,14.9,0.0,0.0,6.3
sherry,0.0,0.0,0.0,0.0,0.0,0.0,0.0,0.0,0.0,0.0,0.0,0.0,0.0,0.0,0.0,0.0,0.0
shrimp,0.4,0.3,63.0,0.1,4.8,0.0,48.0,0.0,0.0,0.0,0.0,0.0,5.4,2.8,0.0,0.0,5.5
snapper,0.7,0.0,0.0,0.2,4.0,0.0,41.4,0.0,0.0,0.0,0.0,0.0,1.1,1.1,0.0,0.0,7.4
sour cream,24.9,50.5,19.7,1.7,1.3,0.0,4.9,0.0,13.8,1.0,0.0,0.0,7.8,0.4,0.0,0.0,2.7
sourdough,3.1,2.6,0.0,18.9,26.2,7.9,21.6,0.0,0.0,0.0,0.0,0.0,4.0,21.7,0.0,0.0,2.5
soy,0.1,0.1,0.0,2.0,243.0,2.9,21.0,0.0,0.0,0.0,0.0,0.0,1.5,13.2,0.0,0.0,4.5
soy sauce,0.1,0.1,0.0,2.0,243.0,2.9,21.0,0.0,0.0,0.0,0.0,0.0,1.5,13.2,0.0,0.0,4.5
sparkling wine,0.0,0.0,0.0,0.1,0.3,0.0,0.1,0.0,0.0,0.6,0.0,0.0,0.5,2.5,0.0,0.0,0.8
spice,16.2,32.6,0.0,25.2,2.3,52.9,11.5,0.0,1.4,26.0,0.0,0.0,52.5,109.4,0.0,0.0,14.1
spinach,16.7,30.4,39.3,2.1,24.6,2.5,15.8,0.0,27.1,8.1,0.0,0.0,12.7,6.6,0.0,0.0,4.9
spirit,0.0,0.0,0.0,0.0,0.0,0.0,0.0,0.0,0.0,0.0,0.0,0.0,0.0,0.0,0.0,0.0,0.0
spring,2.5,1.6,0.0,24.7,0.1,43.6,30.8,0.0,0.0,0.0,0.0,0.0,1.9,20.0,0.0,0.0,7.2
squash,0.3,0.1,0.0,2.1,0.2,3.2,1.6,0.0,9.4,0.3,0.0,0.0,1.8,1.8,0.0,0.0,3.9
squid,1.8,1.8,77.7,1.1,1.9,0.0,31.2,0.0,1.1,5.2,0.0,0.0,2.5,3.8,0.0,0.0,5.2
steak,8.3,0.0,21.5,0.1,1.9,0.0,42.2,0.0,0.0,0.0,0.0,0.0,0.3,14.1,0.0,0.0,7.3
strawberry,0.4,0.1,0.0,2.8,0.0,7.1,1.3,0.0,0.1,65.3,0.0,0.0,1.2,2.3,0.0,0.0,3.3
sugar snap pea,0.6,0.0,0.0,2.3,0.1,12.1,4.6,0.0,0.0,8.1,0.0,0.0,4.2,4.6,0.0,0.0,6.9
sweet potato,0.7,0.6,0.0,3.2,0.3,18.9,5.0,0.0,21.0,12.2,0.0,0.0,6.0,5.4,0.0,0.0,10.8
yam,0.2,0.2,0.0,10.1,0.4,14.6,3.1,0.0,0.8,19.0,0.0,0.0,1.3,3.0,0.0,0.0,17.4
swiss cheese,39.7,91.0,31.0,0.5,8.0,0.0,54.0,0.0,32.4,0.0,0.0,0.0,68.5,0.7,0.0,0.0,1.5
swordfish,8.5,8.1,22.0,0.0,3.5,0.0,39.4,0.0,4.0,0.0,0.0,0.0,0.4,2.1,0.0,0.0,8.9
tamarind,0.0,0.0,0.0,33.5,71.3,8.9,0.0,0.0,0.1,0.0,0.0,0.0,0.0,0.0,0.0,0.0,6.6
tangerine,0.3,0.1,0.0,3.7,0.0,0.7,1.0,0.0,1.4,34.4,0.0,0.0,1.4,1.1,0.0,0.0,3.8
tapioca,0.0,0.0,0.0,32.3,0.0,3.2,0.4,0.0,0.0,0.0,0.0,0.0,1.5,8.8,0.0,0.0,0.2
tarragon,9.3,9.4,0.0,18.3,2.7,26.4,45.6,0.0,23.3,55.6,0.0,0.0,87.7,179.4,0.0,0.0,64.3
tea,0.0,0.0,0.0,0.0,0.2,0.0,0.0,0.0,0.0,0.0,0.0,0.0,0.6,0.4,0.0,0.0,0.4
tequila,0.1,0.0,0.0,4.1,2.5,0.0,0.6,0.0,0.6,21.4,0.0,0.0,0.0,0.1,0.0,0.0,0.2
thyme,2.2,2.3,0.0,8.9,0.4,50.0,11.1,0.0,26.4,177.8,0.0,0.0,31.2,96.7,0.0,0.0,13.0
tilapia,2.2,2.9,16.7,0.0,2.3,0.0,40.2,0.0,0.0,0.0,0.0,0.0,0.8,3.1,0.0,0.0,6.4
tofu,2.3,1.3,0.0,5.8,1.5,0.7,7.0,0.0,0.2,2.8,0.0,0.0,9.1,5.9,0.0,0.0,1.0
tomatillo,1.3,0.7,0.0,2.1,0.0,6.8,1.9,0.0,0.7,13.0,0.0,0.0,0.5,3.4,0.0,0.0,5.7
tomato,0.6,0.3,0.0,27.2,5.8,58.9,25.8,0.0,95.8,130.0,0.0,0.0,12.8,25.3,0.0,0.0,41.1
tortillas,10.7,16.9,3.7,10.7,22.2,5.4,15.8,0.0,0.0,0.0,0.0,0.0,2.1,10.0,0.0,0.0,5.9
tree nut,0.1,0.0,0.0,3.9,10.5,13.2,0.6,0.0,1.1,33.3,0.0,0.0,0.6,0.9,0.0,0.0,0.1
triple sec,0.0,0.0,0.0,0.0,0.0,0.0,0.0,0.0,0.0,0.0,0.0,0.0,0.0,0.0,0.0,0.0,0.0
tropical fruit,0.2,0.0,0.0,4.4,0.0,4.6,0.6,0.0,0.4,17.7,0.0,0.0,0.0,0.0,0.0,0.0,3.0
trout,8.5,5.8,19.3,0.0,2.3,0.0,41.6,0.0,1.9,0.6,0.0,0.0,3.3,8.3,0.0,0.0,7.7
tuna,11.9,7.7,4.3,3.4,17.5,0.0,32.0,0.0,2.7,2.4,0.0,0.0,1.3,5.6,0.0,0.0,3.8
turnip,0.2,0.2,0.0,1.2,0.8,8.6,4.9,0.0,33.9,28.7,0.0,0.0,8.8,9.1,0.0,0.0,1.7
vanilla,0.1,0.1,0.0,4.6,0.4,0.0,0.1,0.0,0.0,0.0,0.0,0.0,0.8,0.7,0.0,0.0,3.1
veal,40.6,74.5,26.3,0.0,2.6,0.0,28.0,0.0,0.0,0.0,0.0,0.0,0.8,4.1,0.0,0.0,4.9
vegetable,0.3,0.2,0.0,2.5,1.3,5.4,4.6,0.0,33.7,6.3,0.0,0.0,2.2,4.6,0.0,0.0,3.6
venison,3.4,3.1,6.0,0.0,0.0,0.0,43.0,0.0,0.0,0.0,0.0,0.0,0.5,16.1,0.0,0.0,0.0
vermouth,0.0,0.0,0.0,0.0,0.0,0.0,0.0,0.0,0.0,0.0,0.0,0.0,0.0,0.0,0.0,0.0,0.0
vinegar,0.0,0.0,0.0,6.2,1.0,0.0,1.0,0.0,0.0,0.0,0.0,0.0,2.1,4.0,0.0,0.0,2.4
vodka,0.0,0.0,0.0,0.0,0.0,0.0,0.0,0.0,0.0,0.0,0.0,0.0,0.0,0.1,0.0,0.0,0.0
waffle,11.8,9.5,5.0,14.9,27.0,7.9,13.2,0.0,44.6,0.0,0.0,0.0,21.5,33.6,0.0,0.0,2.7
walnut,128.2,45.5,0.0,0.0,0.0,0.0,0.0,0.0,0.0,0.0,0.0,0.0,0.0,0.0,0.0,0.0,0.0
wasabi,14.0,10.1,0.0,16.8,147.4,21.8,4.5,0.0,0.0,0.0,0.0,0.0,3.2,2.8,0.0,0.0,3.9
watercress,0.1,0.1,0.0,0.5,1.8,1.8,4.6,0.0,17.8,47.8,0.0,0.0,9.2,1.1,0.0,0.0,7.0
watermelon,0.2,0.1,0.0,2.7,0.0,1.4,1.2,0.0,3.1,9.0,0.0,0.0,0.5,1.3,0.0,0.0,2.4
whiskey,0.0,0.0,0.0,5.7,2.0,0.0,0.2,0.0,0.0,0.4,0.0,0.0,3.5,0.4,0.0,0.0,0.1
white wine,0.0,0.0,0.0,0.9,0.2,0.0,0.1,0.0,0.0,0.0,0.0,0.0,0.7,1.5,0.0,0.0,1.5
whole wheat,18.1,10.3,0.0,25.3,34.8,36.8,21.2,0.0,0.0,0.0,0.0,0.0,2.8,18.6,0.0,0.0,7.3
wild rice,0.4,0.2,0.0,7.7,0.1,6.4,8.0,0.0,0.0,0.0,0.0,0.0,0.2,3.3,0.0,0.0,2.1
wine,0.0,0.0,0.0,0.1,0.3,0.0,0.1,0.0,0.0,0.6,0.0,0.0,0.5,2.5,0.0,0.0,0.8
yellow squash,0.2,0.0,0.0,1.6,0.0,3.4,1.8,0.0,0.0,18.9,0.0,0.0,1.7,0.8,0.0,0.0,4.7
yogurt,2.3,1.3,0.0,5.8,1.5,0.7,7.0,0.0,0.2,2.8,0.0,0.0,9.1,5.9,0.0,0.0,1.0
yuca,0.0,0.0,0.0,0.0,0.0,0.0,0.0,0.0,0.0,0.0,0.0,0.0,0.0,0.0,0.0,0.0,0.0
zucchini,0.5,0.4,0.0,1.1,0.1,3.9,5.4,0.0,2.8,37.9,0.0,0.0,1.6,4.4,0.0,0.0,9.8
turkey,20.5,21.8,25.0,1.7,46.5,1.8,22.8,0.0,1.0,14.8,0.0,0.0,9.5,16.7,0.0,0.0,2.9
